Id,Category,Value
de.ugoe.cs.tcs.se.graph.SEFile@7be029a7,org.apache.commons.io.input,1.0
de.ugoe.cs.tcs.se.graph.SEFile@711842d7,org.apache.commons.io.input,1.0
de.ugoe.cs.tcs.se.graph.SEFile@4e4d78a5,org.apache.commons.io.input,1.0
de.ugoe.cs.tcs.se.graph.SEFile@36d977d6,org.apache.commons.io.input,1.0
de.ugoe.cs.tcs.se.graph.SEFile@65bd4c4c,org.apache.commons.io,1.0
de.ugoe.cs.tcs.se.graph.SEFile@5aa4574,org.apache.commons.io,1.0
de.ugoe.cs.tcs.se.graph.SEFile@5060bd85,org.apache.commons.io.comparator,1.0
de.ugoe.cs.tcs.se.graph.SEFile@4e03a4,org.apache.commons.io.comparator,1.0
de.ugoe.cs.tcs.se.graph.SEFile@30aabdbe,org.apache.commons.io.input,1.0
de.ugoe.cs.tcs.se.graph.SEFile@798727da,org.apache.commons.io.input,1.0
de.ugoe.cs.tcs.se.graph.SEFile@4c2709ef,org.apache.commons.io.input,1.0
de.ugoe.cs.tcs.se.graph.SEFile@53833d49,org.apache.commons.io.input,1.0
de.ugoe.cs.tcs.se.graph.SEFile@6d38940a,org.apache.commons.io.filefilter,1.0
de.ugoe.cs.tcs.se.graph.SEFile@4cbc3e48,org.apache.commons.io.filefilter,1.0
de.ugoe.cs.tcs.se.graph.SEFile@2ad397e2,org.apache.commons.io.filefilter,1.0
de.ugoe.cs.tcs.se.graph.SEFile@7df59264,org.apache.commons.io.filefilter,1.0
de.ugoe.cs.tcs.se.graph.SEFile@5e02882f,org.apache.commons.io.filefilter,1.0
de.ugoe.cs.tcs.se.graph.SEFile@6a04bc27,org.apache.commons.io.filefilter,1.0
de.ugoe.cs.tcs.se.graph.SEFile@28b05c7b,org.apache.commons.io.output,1.0
de.ugoe.cs.tcs.se.graph.SEFile@68436090,org.apache.commons.io.filefilter,1.0
de.ugoe.cs.tcs.se.graph.SEFile@3991d273,org.apache.commons.io.filefilter,1.0
de.ugoe.cs.tcs.se.graph.SEFile@7b2e9ee7,org.apache.commons.io.compress,1.0
de.ugoe.cs.tcs.se.graph.SEFile@44b78f98,org.apache.commons.io,1.0
de.ugoe.cs.tcs.se.graph.SEFile@3fad8eda,org.apache.commons.io,1.0
de.ugoe.cs.tcs.se.graph.SEFile@5c09514e,org.apache.commons.io.input,1.0
de.ugoe.cs.tcs.se.graph.SEFile@9fb75b4,org.apache.commons.io,1.0
de.ugoe.cs.tcs.se.graph.SEFile@1e1ba1d2,org.apache.commons.io,1.0
de.ugoe.cs.tcs.se.graph.SEFile@7a800b78,org.apache.commons.io.output,1.0
de.ugoe.cs.tcs.se.graph.SEFile@7a5aa161,org.apache.commons.io.output,1.0
de.ugoe.cs.tcs.se.graph.SEFile@179695e6,org.apache.commons.io.compress,1.0
de.ugoe.cs.tcs.se.graph.SEFile@2961e693,org.apache.commons.io.compress,1.0
de.ugoe.cs.tcs.se.graph.SEFile@53543fa6,org.apache.commons.io.input,1.0
de.ugoe.cs.tcs.se.graph.SEFile@46752fc5,org.apache.commons.io.input,1.0
de.ugoe.cs.tcs.se.graph.SEFile@1c67d85c,org.apache.commons.io.input,1.0
de.ugoe.cs.tcs.se.graph.SEFile@2b4b4772,org.apache.commons.io.input,1.0
de.ugoe.cs.tcs.se.graph.SEFile@4e40d72,org.apache.commons.io.input,1.0
de.ugoe.cs.tcs.se.graph.SEFile@4b6df058,org.apache.commons.io.input,1.0
de.ugoe.cs.tcs.se.graph.SEFile@6b3e7933,org.apache.commons.io.input,1.0
de.ugoe.cs.tcs.se.graph.SEFile@789b3fcc,org.apache.commons.io.input,1.0
de.ugoe.cs.tcs.se.graph.SEFile@5b3426bd,org.apache.commons.io.filefilter,1.0
de.ugoe.cs.tcs.se.graph.SEFile@19469adf,org.apache.commons.io.filefilter,1.0
de.ugoe.cs.tcs.se.graph.SEFile@1b2c4a94,org.apache.commons.io.filefilter,1.0
de.ugoe.cs.tcs.se.graph.SEFile@5413c265,org.apache.commons.io.filefilter,1.0
de.ugoe.cs.tcs.se.graph.SEFile@2b96e25f,org.apache.commons.io.input,1.0
de.ugoe.cs.tcs.se.graph.SEFile@76581447,org.apache.commons.io.input,1.0
de.ugoe.cs.tcs.se.graph.SEFile@742e5dec,org.apache.commons.io.input,1.0
de.ugoe.cs.tcs.se.graph.SEFile@1903576e,org.apache.commons.io,1.0
de.ugoe.cs.tcs.se.graph.SEFile@437a7227,org.apache.commons.io,1.0
de.ugoe.cs.tcs.se.graph.SEFile@472b305d,org.apache.commons.io.output,1.0
de.ugoe.cs.tcs.se.graph.SEFile@4ff2be4d,org.apache.commons.io.output,1.0
de.ugoe.cs.tcs.se.graph.SEFile@2e6e4aec,org.apache.commons.io.output,1.0
de.ugoe.cs.tcs.se.graph.SEFile@1d15d823,org.apache.commons.io.output,1.0
de.ugoe.cs.tcs.se.graph.SEFile@38bb4b83,org.apache.commons.io.output,1.0
de.ugoe.cs.tcs.se.graph.SEFile@341e2bc7,org.apache.commons.io.output,1.0
de.ugoe.cs.tcs.se.graph.SEFile@4075d120,org.apache.commons.io.output,1.0
de.ugoe.cs.tcs.se.graph.SEFile@4bb9fb81,org.apache.commons.io.output,1.0
de.ugoe.cs.tcs.se.graph.SEFile@38cfd0e3,org.apache.commons.io,1.0
de.ugoe.cs.tcs.se.graph.SEFile@7aa01cb4,org.apache.commons.io,1.0
de.ugoe.cs.tcs.se.graph.SEFile@348118ca,org.apache.commons.io.input,1.0
de.ugoe.cs.tcs.se.graph.SEFile@56e5fd9,org.apache.commons.io.filefilter,1.0
de.ugoe.cs.tcs.se.graph.SEFile@6138f6bd,org.apache.commons.io.filefilter,1.0
de.ugoe.cs.tcs.se.graph.SEFile@1e403390,org.apache.commons.io.input,1.0
de.ugoe.cs.tcs.se.graph.SEFile@141393ac,org.apache.commons.io.input,1.0
de.ugoe.cs.tcs.se.graph.SEFile@3f9d7540,org.apache.commons.io.input,1.0
de.ugoe.cs.tcs.se.graph.SEFile@112d4af5,org.apache.commons.io,1.0
de.ugoe.cs.tcs.se.graph.SEFile@f77c435,org.apache.commons.io,1.0
de.ugoe.cs.tcs.se.graph.SEFile@f9ecd6c,org.apache.commons.io,1.0
de.ugoe.cs.tcs.se.graph.SEFile@6b804fd7,org.apache.commons.io.output,1.0
de.ugoe.cs.tcs.se.graph.SEFile@13cf07a2,org.apache.commons.io.output,1.0
de.ugoe.cs.tcs.se.graph.SEFile@38455454,org.apache.commons.io.output,1.0
de.ugoe.cs.tcs.se.graph.SEFile@37a1e9ba,org.apache.commons.io.output,1.0
de.ugoe.cs.tcs.se.graph.SEFile@863a94f,org.apache.commons.io.compress,1.0
de.ugoe.cs.tcs.se.graph.SEFile@659e8db9,org.apache.commons.io.compress,1.0
de.ugoe.cs.tcs.se.graph.SEFile@28096400,org.apache.commons.io.output,1.0
de.ugoe.cs.tcs.se.graph.SEFile@291fb4ba,org.apache.commons.io.output,1.0
de.ugoe.cs.tcs.se.graph.SEFile@29acbe9a,org.apache.commons.io.input,1.0
de.ugoe.cs.tcs.se.graph.SEFile@42f0c861,org.apache.commons.io.input,1.0
de.ugoe.cs.tcs.se.graph.SEFile@5f5d1775,org.apache.commons.io.comparator,1.0
de.ugoe.cs.tcs.se.graph.SEFile@20be770e,org.apache.commons.io.comparator,1.0
de.ugoe.cs.tcs.se.graph.SEFile@3673ede1,org.apache.commons.io.comparator,1.0
de.ugoe.cs.tcs.se.graph.SEFile@6f11deee,org.apache.commons.io,1.0
de.ugoe.cs.tcs.se.graph.SEFile@55c0c616,org.apache.commons.io,1.0
de.ugoe.cs.tcs.se.graph.SEFile@300d371a,org.apache.commons.io,1.0
de.ugoe.cs.tcs.se.graph.SEFile@1a3a68f3,org.apache.commons.io.input,1.0
de.ugoe.cs.tcs.se.graph.SEFile@3892da4,org.apache.commons.io.input,1.0
de.ugoe.cs.tcs.se.graph.SEFile@407b3a0,org.apache.commons.io.input,1.0
de.ugoe.cs.tcs.se.graph.SEFile@13398df7,org.apache.commons.io.input,1.0
de.ugoe.cs.tcs.se.graph.SEFile@1e2c1b6f,org.apache.commons.io,1.0
de.ugoe.cs.tcs.se.graph.SEFile@50e7a830,org.apache.commons.io,1.0
de.ugoe.cs.tcs.se.graph.SEFile@6474d69a,org.apache.commons.io,1.0
de.ugoe.cs.tcs.se.graph.SEFile@37e38a7d,org.apache.commons.io,1.0
de.ugoe.cs.tcs.se.graph.SEFile@60c32b11,org.apache.commons.io.input,1.0
de.ugoe.cs.tcs.se.graph.SEFile@2c5a7658,org.apache.commons.io.input,1.0
de.ugoe.cs.tcs.se.graph.SEFile@2cf47aef,org.apache.commons.io.input,1.0
de.ugoe.cs.tcs.se.graph.SEFile@60d2bb,org.apache.commons.io.input,1.0
de.ugoe.cs.tcs.se.graph.SEFile@74c56256,org.apache.commons.io.input,1.0
de.ugoe.cs.tcs.se.graph.SEFile@30d29631,org.apache.commons.io.input,1.0
de.ugoe.cs.tcs.se.graph.SEFile@7e53b1e1,org.apache.commons.io.compress,1.0
de.ugoe.cs.tcs.se.graph.SEFile@4db521dd,org.apache.commons.io.compress,1.0
de.ugoe.cs.tcs.se.graph.SEFile@65d3ce7e,org.apache.commons.io,1.0
de.ugoe.cs.tcs.se.graph.SEFile@877ba5e,org.apache.commons.io.compress,1.0
de.ugoe.cs.tcs.se.graph.SEFile@37410fd7,org.apache.commons.io.compress,1.0
de.ugoe.cs.tcs.se.graph.SEFile@2d92f011,org.apache.commons.io,1.0
de.ugoe.cs.tcs.se.graph.SEFile@5c18ebca,org.apache.commons.io,1.0
de.ugoe.cs.tcs.se.graph.SEFile@6c809dd3,org.apache.commons.io,1.0
de.ugoe.cs.tcs.se.graph.SEFile@1005a940,org.apache.commons.io,0.81
de.ugoe.cs.tcs.se.graph.SEFile@546a5d4c,org.apache.commons.io.input,1.0
de.ugoe.cs.tcs.se.graph.SEFile@6eaee790,org.apache.commons.io.input,1.0
de.ugoe.cs.tcs.se.graph.SEFile@6d8595d4,org.apache.commons.io.input,1.0
de.ugoe.cs.tcs.se.graph.SEFile@7b63e08e,org.apache.commons.io.output,1.0
de.ugoe.cs.tcs.se.graph.SEFile@66d430a,org.apache.commons.io.output,1.0
de.ugoe.cs.tcs.se.graph.SEFile@5c356382,org.apache.commons.io.output,1.0
de.ugoe.cs.tcs.se.graph.SEFile@4f13df7,org.apache.commons.io.output,1.0
de.ugoe.cs.tcs.se.graph.SEFile@6bd9f507,org.apache.commons.io.filefilter,1.0
de.ugoe.cs.tcs.se.graph.SEFile@48ceb87,org.apache.commons.io.input,1.0
de.ugoe.cs.tcs.se.graph.SEFile@5f327d39,org.apache.commons.io.input,1.0
de.ugoe.cs.tcs.se.graph.SEFile@613dec67,org.apache.commons.io.comparator,1.0
de.ugoe.cs.tcs.se.graph.SEFile@3e68046,org.apache.commons.io.comparator,1.0
de.ugoe.cs.tcs.se.graph.SEFile@3a3944b8,org.apache.commons.io,1.0
de.ugoe.cs.tcs.se.graph.SEFile@370c895e,org.apache.commons.io,1.0
de.ugoe.cs.tcs.se.graph.SEFile@5e37af8a,org.apache.commons.io,1.0
de.ugoe.cs.tcs.se.graph.SEFile@774a558d,org.apache.commons.io,1.0
de.ugoe.cs.tcs.se.graph.SEFile@3799d0f6,org.apache.commons.io.input,1.0
de.ugoe.cs.tcs.se.graph.SEFile@5c1d8868,org.apache.commons.io.input,1.0
de.ugoe.cs.tcs.se.graph.SEFile@414c5514,org.apache.commons.io.compress,1.0
de.ugoe.cs.tcs.se.graph.SEFile@3648ff5d,org.apache.commons.io,1.0
de.ugoe.cs.tcs.se.graph.SEFile@1f468812,org.apache.commons.io,1.0
de.ugoe.cs.tcs.se.graph.SEFile@697a6c5,org.apache.commons.io,1.0
de.ugoe.cs.tcs.se.graph.SEFile@2bff5466,org.apache.commons.io,1.0
de.ugoe.cs.tcs.se.graph.SEFile@3c1a41c1,org.apache.commons.io,1.0
de.ugoe.cs.tcs.se.graph.SEFile@6cc7a2e,org.apache.commons.io.filefilter,1.0
de.ugoe.cs.tcs.se.graph.SEFile@7f64aed8,org.apache.commons.io.filefilter,1.0
de.ugoe.cs.tcs.se.graph.SEFile@f13d9d3,org.apache.commons.io.filefilter,1.0
de.ugoe.cs.tcs.se.graph.SEFile@3ba08b4e,org.apache.commons.io.filefilter,1.0
de.ugoe.cs.tcs.se.graph.SEFile@4f193270,org.apache.commons.io.input,1.0
de.ugoe.cs.tcs.se.graph.SEFile@579e5470,org.apache.commons.io.input,0.9
de.ugoe.cs.tcs.se.graph.SEFile@2399e633,org.apache.commons.io.input,1.0
de.ugoe.cs.tcs.se.graph.SEFile@11c7cd72,org.apache.commons.io.input,1.0
de.ugoe.cs.tcs.se.graph.SEFile@72f9286d,org.apache.commons.io.comparator,1.0
de.ugoe.cs.tcs.se.graph.SEFile@1299f974,org.apache.commons.io.comparator,1.0
de.ugoe.cs.tcs.se.graph.SEFile@bb1e62a,org.apache.commons.io.comparator,0.9
de.ugoe.cs.tcs.se.graph.SEFile@2b7cd733,org.apache.commons.io.comparator,1.0
de.ugoe.cs.tcs.se.graph.SEFile@64f0c2ce,org.apache.commons.io.input,1.0
de.ugoe.cs.tcs.se.graph.SEFile@1ab96f60,org.apache.commons.io.input,1.0
de.ugoe.cs.tcs.se.graph.SEFile@11e97dc9,org.apache.commons.io,1.0
de.ugoe.cs.tcs.se.graph.SEFile@3e954b68,org.apache.commons.io,1.0
de.ugoe.cs.tcs.se.graph.SEFile@217ba640,org.apache.commons.io,1.0
de.ugoe.cs.tcs.se.graph.SEFile@98e8448,org.apache.commons.io,1.0
de.ugoe.cs.tcs.se.graph.SEFile@62f8c905,org.apache.commons.io.compress,1.0
de.ugoe.cs.tcs.se.graph.SEFile@f5f760,org.apache.commons.io.compress,1.0
de.ugoe.cs.tcs.se.graph.SEFile@133108da,org.apache.commons.io.comparator,1.0
de.ugoe.cs.tcs.se.graph.SEFile@3104ba73,org.apache.commons.io.comparator,1.0
de.ugoe.cs.tcs.se.graph.SEFile@323e05ea,org.apache.commons.io.comparator,1.0
de.ugoe.cs.tcs.se.graph.SEFile@46f46e1d,org.apache.commons.io.comparator,1.0
de.ugoe.cs.tcs.se.graph.SEFile@3bb5f67,org.apache.commons.io.comparator,1.0
de.ugoe.cs.tcs.se.graph.SEFile@1fe3c01,org.apache.commons.io.comparator,1.0
de.ugoe.cs.tcs.se.graph.SEFile@3f8600ae,org.apache.commons.io,1.0
de.ugoe.cs.tcs.se.graph.SEFile@691a47a6,org.apache.commons.io,1.0
de.ugoe.cs.tcs.se.graph.SEFile@191822ec,org.apache.commons.io,1.0
de.ugoe.cs.tcs.se.graph.SEFile@26bd00a4,org.apache.commons.io,1.0
de.ugoe.cs.tcs.se.graph.SEFile@2276dc49,org.apache.commons.io,1.0
de.ugoe.cs.tcs.se.graph.SEFile@57c26ef,org.apache.commons.io.output,1.0
de.ugoe.cs.tcs.se.graph.SEFile@745918e4,org.apache.commons.io.output,1.0
de.ugoe.cs.tcs.se.graph.SEFile@a695794,org.apache.commons.io.input,1.0
de.ugoe.cs.tcs.se.graph.SEFile@2da90ab2,org.apache.commons.io.input,1.0
de.ugoe.cs.tcs.se.graph.SEFile@44af350e,org.apache.commons.io.input,1.0
de.ugoe.cs.tcs.se.graph.SEFile@51681a2e,org.apache.commons.io.comparator,1.0
de.ugoe.cs.tcs.se.graph.SEFile@2f79426f,org.apache.commons.io.comparator,1.0
de.ugoe.cs.tcs.se.graph.SEFile@43d8cb84,org.apache.commons.io.comparator,1.0
de.ugoe.cs.tcs.se.graph.SEFile@10b89e5c,org.apache.commons.io,1.0
de.ugoe.cs.tcs.se.graph.SEFile@4ebd7ab3,org.apache.commons.io,1.0
de.ugoe.cs.tcs.se.graph.SEFile@1b97d7d0,org.apache.commons.io,1.0
de.ugoe.cs.tcs.se.graph.SEFile@59bc02d1,org.apache.commons.io,1.0
de.ugoe.cs.tcs.se.graph.SEFile@1033e2e0,org.apache.commons.io,1.0
de.ugoe.cs.tcs.se.graph.SEFile@1f2d00c1,org.apache.commons.io.comparator,1.0
de.ugoe.cs.tcs.se.graph.SEFile@34900e6b,org.apache.commons.io.comparator,1.0
de.ugoe.cs.tcs.se.graph.SEFile@2058f305,org.apache.commons.io.comparator,1.0
de.ugoe.cs.tcs.se.graph.SEFile@5f8b857d,org.apache.commons.io.filefilter,1.0
de.ugoe.cs.tcs.se.graph.SEFile@2065b51e,org.apache.commons.io.filefilter,1.0
de.ugoe.cs.tcs.se.graph.SEFile@2348b10e,org.apache.commons.io.input,1.0
de.ugoe.cs.tcs.se.graph.SEFile@373c6f74,org.apache.commons.io.input,1.0
de.ugoe.cs.tcs.se.graph.SEFile@78ef13ff,org.apache.commons.io.output,1.0
de.ugoe.cs.tcs.se.graph.SEFile@2e283f42,org.apache.commons.io.output,1.0
de.ugoe.cs.tcs.se.graph.SEFile@669af153,org.apache.commons.io.output,1.0
de.ugoe.cs.tcs.se.graph.SEFile@39322a56,org.apache.commons.io.output,1.0
de.ugoe.cs.tcs.se.graph.SEFile@3df8bd6d,org.apache.commons.io.output,1.0
de.ugoe.cs.tcs.se.graph.SEFile@3df82fdf,org.apache.commons.io.output,1.0
de.ugoe.cs.tcs.se.graph.SEFile@614fa860,org.apache.commons.io.output,1.0
de.ugoe.cs.tcs.se.graph.SEFile@3b392d65,org.apache.commons.io.output,1.0
de.ugoe.cs.tcs.se.graph.SEFile@3750a2a2,org.apache.commons.io,1.0
de.ugoe.cs.tcs.se.graph.SEFile@54682630,org.apache.commons.io,1.0
de.ugoe.cs.tcs.se.graph.SEFile@574da3d3,org.apache.commons.io,1.0
de.ugoe.cs.tcs.se.graph.SEFile@213cce71,org.apache.commons.io,1.0
de.ugoe.cs.tcs.se.graph.SEFile@2408e40a,org.apache.commons.io.output,1.0
de.ugoe.cs.tcs.se.graph.SEFile@411899a7,org.apache.commons.io.output,1.0
de.ugoe.cs.tcs.se.graph.SEFile@765ff284,org.apache.commons.io.output,1.0
de.ugoe.cs.tcs.se.graph.SEFile@61483711,org.apache.commons.io.output,1.0
de.ugoe.cs.tcs.se.graph.SEFile@6fc4ae11,org.apache.commons.io,1.0
de.ugoe.cs.tcs.se.graph.SEFile@2bbffacb,org.apache.commons.io.input,1.0
de.ugoe.cs.tcs.se.graph.SEFile@6d5ecf5d,org.apache.commons.io.input,1.0
de.ugoe.cs.tcs.se.graph.SEFile@183cf707,org.apache.commons.io.output,1.0
de.ugoe.cs.tcs.se.graph.SEFile@2cdaa616,org.apache.commons.io.output,1.0
de.ugoe.cs.tcs.se.graph.SEFile@2ddcc1ea,org.apache.commons.io.output,1.0
de.ugoe.cs.tcs.se.graph.SEFile@3c233fa5,org.apache.commons.io.filefilter,1.0
de.ugoe.cs.tcs.se.graph.SEFile@48a75a02,org.apache.commons.io.filefilter,1.0
de.ugoe.cs.tcs.se.graph.SEFile@40cec92d,org.apache.commons.io,1.0
de.ugoe.cs.tcs.se.graph.SEFile@3c44ab4a,org.apache.commons.io,1.0
de.ugoe.cs.tcs.se.graph.SEFile@533203a1,org.apache.commons.io,1.0
de.ugoe.cs.tcs.se.graph.SEFile@177296b3,org.apache.commons.io.output,1.0
de.ugoe.cs.tcs.se.graph.SEFile@1f5f3627,org.apache.commons.io.output,1.0
de.ugoe.cs.tcs.se.graph.SEFile@4f2aafb,org.apache.commons.io.input,1.0
de.ugoe.cs.tcs.se.graph.SEFile@1689cc41,org.apache.commons.io.input,1.0
de.ugoe.cs.tcs.se.graph.SEFile@379f21ac,org.apache.commons.io.input,1.0
de.ugoe.cs.tcs.se.graph.SEFile@2c73b7ca,org.apache.commons.io.input,1.0
de.ugoe.cs.tcs.se.graph.SEFile@c7c2d11,org.apache.commons.io,1.0
de.ugoe.cs.tcs.se.graph.SEFile@f2668f8,org.apache.commons.io,1.0
de.ugoe.cs.tcs.se.graph.SEFile@69a0e78d,org.apache.commons.io,1.0
de.ugoe.cs.tcs.se.graph.SEFile@155c225e,org.apache.commons.io,1.0
de.ugoe.cs.tcs.se.graph.SEFile@2f056139,org.apache.commons.io,1.0
de.ugoe.cs.tcs.se.graph.SEFile@46f436b0,org.apache.commons.io,1.0
de.ugoe.cs.tcs.se.graph.SEFile@5de6af05,org.apache.commons.io.output,1.0
de.ugoe.cs.tcs.se.graph.SEFile@12cc4755,org.apache.commons.io,0.9603999999999999
de.ugoe.cs.tcs.se.graph.SEFile@608bf4a2,org.apache.commons.io,1.0
de.ugoe.cs.tcs.se.graph.SEFile@173d41dd,org.apache.commons.io.compress,1.0
de.ugoe.cs.tcs.se.graph.SEFile@4456cfc2,org.apache.commons.io.input,1.0
de.ugoe.cs.tcs.se.graph.SEFile@3b6de1aa,org.apache.commons.io.input,1.0
de.ugoe.cs.tcs.se.graph.SEFile@4dda1bec,org.apache.commons.io,1.0
de.ugoe.cs.tcs.se.graph.SEFile@c1f606d,org.apache.commons.io,0.9
de.ugoe.cs.tcs.se.graph.SEFile@354e0e4b,org.apache.commons.io.filefilter,1.0
de.ugoe.cs.tcs.se.graph.SEFile@6b6b6a39,org.apache.commons.io.filefilter,1.0
de.ugoe.cs.tcs.se.graph.SEFile@7cbe74c5,org.apache.commons.io,1.0
de.ugoe.cs.tcs.se.graph.SEFile@18561d73,org.apache.commons.io,1.0
de.ugoe.cs.tcs.se.graph.SEFile@4e1668aa,org.apache.commons.io,1.0
de.ugoe.cs.tcs.se.graph.SEFile@5f1e734b,org.apache.commons.io,1.0
de.ugoe.cs.tcs.se.graph.SEFile@47b26786,org.apache.commons.io.output,1.0
de.ugoe.cs.tcs.se.graph.SEFile@7341f670,org.apache.commons.io.output,1.0
de.ugoe.cs.tcs.se.graph.SEFile@55a71166,org.apache.commons.io.input,1.0
de.ugoe.cs.tcs.se.graph.SEFile@2b056ded,org.apache.commons.io.input,1.0
de.ugoe.cs.tcs.se.graph.SEFile@419561da,org.apache.commons.io.filefilter,1.0
de.ugoe.cs.tcs.se.graph.SEFile@5f0399a9,org.apache.commons.io.output,1.0
de.ugoe.cs.tcs.se.graph.SEFile@1ce1e355,org.apache.commons.io.compress,1.0
de.ugoe.cs.tcs.se.graph.SEFile@387b52d1,org.apache.commons.io.compress,1.0
de.ugoe.cs.tcs.se.graph.SEFile@3cad8d07,org.apache.commons.io.compress,1.0
de.ugoe.cs.tcs.se.graph.SEFile@127195a9,org.apache.commons.io.compress,1.0
de.ugoe.cs.tcs.se.graph.SEFile@4460d78a,org.apache.commons.io.compress,1.0
de.ugoe.cs.tcs.se.graph.SEFile@5fbc9934,org.apache.commons.io.compress,1.0
de.ugoe.cs.tcs.se.graph.SEFile@49ad1333,org.apache.commons.io.comparator,1.0
de.ugoe.cs.tcs.se.graph.SEFile@6653700c,org.apache.commons.io.comparator,1.0
de.ugoe.cs.tcs.se.graph.SEFile@553b47af,org.apache.commons.io.input,0.98
de.ugoe.cs.tcs.se.graph.SEFile@6b145b42,org.apache.commons.io.input,1.0
de.ugoe.cs.tcs.se.graph.SEFile@26a850af,org.apache.commons.io,1.0
de.ugoe.cs.tcs.se.graph.SEFile@1712c581,org.apache.commons.io,1.0
de.ugoe.cs.tcs.se.graph.SEFile@32cbb86e,org.apache.commons.io,1.0
de.ugoe.cs.tcs.se.graph.SEFile@6e305d9b,org.apache.commons.io,1.0
de.ugoe.cs.tcs.se.graph.SEFile@43d5c2f9,org.apache.commons.io,1.0
de.ugoe.cs.tcs.se.graph.SEFile@19cc4bb7,org.apache.commons.io.filefilter,1.0
de.ugoe.cs.tcs.se.graph.SEFile@5492dc6b,org.apache.commons.io.filefilter,1.0
de.ugoe.cs.tcs.se.graph.SEFile@15d78607,org.apache.commons.io.filefilter,1.0
de.ugoe.cs.tcs.se.graph.SEFile@494c182c,org.apache.commons.io.filefilter,1.0
de.ugoe.cs.tcs.se.graph.SEFile@63c0fa77,org.apache.commons.io.input,1.0
de.ugoe.cs.tcs.se.graph.SEFile@69db11b8,org.apache.commons.io.input,1.0
de.ugoe.cs.tcs.se.graph.SEFile@53d9c9ff,org.apache.commons.io,1.0
de.ugoe.cs.tcs.se.graph.SEFile@5d41abfe,org.apache.commons.io,1.0
de.ugoe.cs.tcs.se.graph.SEFile@5396de3d,org.apache.commons.io,1.0
de.ugoe.cs.tcs.se.graph.SEFile@3fa31c48,org.apache.commons.io.input,1.0
de.ugoe.cs.tcs.se.graph.SEFile@d494ffb,org.apache.commons.io.input,1.0
de.ugoe.cs.tcs.se.graph.SEFile@398b36d6,org.apache.commons.io,0.98
de.ugoe.cs.tcs.se.graph.SEFile@7c7b49b9,org.apache.commons.io,1.0
de.ugoe.cs.tcs.se.graph.SEFile@1c86856f,org.apache.commons.io,1.0
de.ugoe.cs.tcs.se.graph.SEFile@684ffa5c,org.apache.commons.io,1.0
de.ugoe.cs.tcs.se.graph.SEFile@6d88af04,org.apache.commons.io.output,1.0
de.ugoe.cs.tcs.se.graph.SEFile@521df5b3,org.apache.commons.io.output,1.0
de.ugoe.cs.tcs.se.graph.SEFile@5592f5cd,org.apache.commons.io,0.9
de.ugoe.cs.tcs.se.graph.SEFile@68c646c0,org.apache.commons.io,0.9
de.ugoe.cs.tcs.se.graph.SEFile@ca6427d,org.apache.commons.io,1.0
de.ugoe.cs.tcs.se.graph.SEFile@4491fc73,org.apache.commons.io,1.0
de.ugoe.cs.tcs.se.graph.SEFile@731c2728,org.apache.commons.io,1.0
de.ugoe.cs.tcs.se.graph.SEFile@7c138242,org.apache.commons.io,1.0
de.ugoe.cs.tcs.se.graph.SEFile@51bd14d7,org.apache.commons.io.comparator,1.0
de.ugoe.cs.tcs.se.graph.SEFile@964578,org.apache.commons.io.comparator,1.0
de.ugoe.cs.tcs.se.graph.SEFile@4fd7a357,org.apache.commons.io,0.98
de.ugoe.cs.tcs.se.graph.SEFile@5a41abd7,org.apache.commons.io,1.0
de.ugoe.cs.tcs.se.graph.SEFile@19b8af33,org.apache.commons.io,1.0
de.ugoe.cs.tcs.se.graph.SEFile@453a3a04,org.apache.commons.io,1.0
de.ugoe.cs.tcs.se.graph.SEFile@7174c38b,org.apache.commons.io.output,1.0
de.ugoe.cs.tcs.se.graph.SEFile@50f2ec0f,org.apache.commons.io.output,1.0
de.ugoe.cs.tcs.se.graph.SEFile@28116a73,org.apache.commons.io,1.0
de.ugoe.cs.tcs.se.graph.SEFile@4710ad9f,org.apache.commons.io.input,1.0
de.ugoe.cs.tcs.se.graph.SEFile@ece556a,org.apache.commons.io.input,1.0
de.ugoe.cs.tcs.se.graph.SEFile@5dd001a4,org.apache.commons.io.comparator,1.0
de.ugoe.cs.tcs.se.graph.SEFile@57a47197,org.apache.commons.io.comparator,1.0
de.ugoe.cs.tcs.se.graph.SEFile@276bfaed,org.apache.commons.io,1.0
de.ugoe.cs.tcs.se.graph.SEFile@28473cfb,org.apache.commons.io,1.0
de.ugoe.cs.tcs.se.graph.SEFile@34c8b395,org.apache.commons.io.output,1.0
de.ugoe.cs.tcs.se.graph.SEFile@7208f031,org.apache.commons.io,1.0
de.ugoe.cs.tcs.se.graph.SEFile@1eb41d91,org.apache.commons.io,1.0
de.ugoe.cs.tcs.se.graph.SEFile@4bf518a7,org.apache.commons.io.input,1.0
de.ugoe.cs.tcs.se.graph.SEFile@25013a80,org.apache.commons.io.input,1.0
de.ugoe.cs.tcs.se.graph.SEFile@a878ba9,org.apache.commons.io.filefilter,1.0
de.ugoe.cs.tcs.se.graph.SEFile@693d88cc,org.apache.commons.io.filefilter,1.0
de.ugoe.cs.tcs.se.graph.SEFile@c1b3de0,org.apache.commons.io.output,1.0
de.ugoe.cs.tcs.se.graph.SEFile@40f96285,org.apache.commons.io.output,1.0
de.ugoe.cs.tcs.se.graph.SEFile@3454792a,org.apache.commons.io,0.98
de.ugoe.cs.tcs.se.graph.SEFile@4ba04544,org.apache.commons.io.input,1.0
de.ugoe.cs.tcs.se.graph.SEFile@5fc4ff97,org.apache.commons.io,1.0
de.ugoe.cs.tcs.se.graph.SEFile@5cfc9f6f,org.apache.commons.io,1.0
de.ugoe.cs.tcs.se.graph.SEFile@562e705b,org.apache.commons.io.input,1.0
de.ugoe.cs.tcs.se.graph.SEFile@3428e5f7,org.apache.commons.io.input,0.9603999999999999
de.ugoe.cs.tcs.se.graph.SEFile@3f0733cb,org.apache.commons.io.input,1.0
de.ugoe.cs.tcs.se.graph.SEFile@ba84fe0,org.apache.commons.io.input,1.0
de.ugoe.cs.tcs.se.graph.SEFile@37fe02ca,org.apache.commons.io.output,1.0
de.ugoe.cs.tcs.se.graph.SEFile@373baf3e,org.apache.commons.io.output,1.0
de.ugoe.cs.tcs.se.graph.SEFile@7e6dcdb4,org.apache.commons.io.output,1.0
de.ugoe.cs.tcs.se.graph.SEFile@165cbcfe,org.apache.commons.io.output,1.0
de.ugoe.cs.tcs.se.graph.SEFile@261d1e96,org.apache.commons.io.output,1.0
de.ugoe.cs.tcs.se.graph.SEFile@4c1bc6dc,org.apache.commons.io.output,1.0
de.ugoe.cs.tcs.se.graph.SEFile@33462f2a,org.apache.commons.io.output,1.0
de.ugoe.cs.tcs.se.graph.SEFile@7b8411a,org.apache.commons.io.output,0.98
de.ugoe.cs.tcs.se.graph.SEFile@732fc423,org.apache.commons.io.output,1.0
de.ugoe.cs.tcs.se.graph.SEFile@4d7cf4,org.apache.commons.io.comparator,1.0
de.ugoe.cs.tcs.se.graph.SEFile@c7bd562,org.apache.commons.io.comparator,1.0
de.ugoe.cs.tcs.se.graph.SEFile@2cdb7243,org.apache.commons.io,1.0
de.ugoe.cs.tcs.se.graph.SEFile@6b21bd07,org.apache.commons.io.input,1.0
de.ugoe.cs.tcs.se.graph.SEFile@1589af5d,org.apache.commons.io.input,1.0
de.ugoe.cs.tcs.se.graph.SEFile@56abb69c,org.apache.commons.io.input,1.0
de.ugoe.cs.tcs.se.graph.SEFile@7db33d13,org.apache.commons.io.input,1.0
de.ugoe.cs.tcs.se.graph.SEFile@61d41e25,org.apache.commons.io.input,1.0
de.ugoe.cs.tcs.se.graph.SEFile@647fd446,org.apache.commons.io.input,1.0
de.ugoe.cs.tcs.se.graph.SEFile@591b3573,org.apache.commons.io,1.0
de.ugoe.cs.tcs.se.graph.SEFile@4e913c94,org.apache.commons.io,1.0
de.ugoe.cs.tcs.se.graph.SEFile@5342b435,org.apache.commons.io,1.0
de.ugoe.cs.tcs.se.graph.SEFile@617c008c,org.apache.commons.io,1.0
de.ugoe.cs.tcs.se.graph.SEFile@3925def0,org.apache.commons.io.input,1.0
de.ugoe.cs.tcs.se.graph.SEFile@ce5d684,org.apache.commons.io,1.0
de.ugoe.cs.tcs.se.graph.SEFile@123c7977,org.apache.commons.io,1.0
de.ugoe.cs.tcs.se.graph.SEFile@7dc73294,org.apache.commons.io,1.0
de.ugoe.cs.tcs.se.graph.SEFile@15a59153,org.apache.commons.io,1.0
de.ugoe.cs.tcs.se.graph.SEFile@6a1ae714,org.apache.commons.io,1.0
de.ugoe.cs.tcs.se.graph.SEFile@8d275fd,org.apache.commons.io,1.0
de.ugoe.cs.tcs.se.graph.SEFile@547336bb,org.apache.commons.io,1.0
de.ugoe.cs.tcs.se.graph.SEFile@6e515bd2,org.apache.commons.io,1.0
de.ugoe.cs.tcs.se.graph.SEFile@10c585ec,org.apache.commons.io.output,1.0
de.ugoe.cs.tcs.se.graph.SEFile@4f9b51fd,org.apache.commons.io.output,1.0
de.ugoe.cs.tcs.se.graph.SEFile@66dff8c8,org.apache.commons.io,1.0
de.ugoe.cs.tcs.se.graph.SEFile@2c686089,org.apache.commons.io,1.0
de.ugoe.cs.tcs.se.graph.SEFile@54907728,org.apache.commons.io.filefilter,1.0
de.ugoe.cs.tcs.se.graph.SEFile@48fc603d,org.apache.commons.io.filefilter,1.0
de.ugoe.cs.tcs.se.graph.SEFile@3d94b267,org.apache.commons.io.filefilter,1.0
de.ugoe.cs.tcs.se.graph.SEFile@54fcd408,org.apache.commons.io.filefilter,1.0
de.ugoe.cs.tcs.se.graph.SEFile@733fb422,org.apache.commons.io.filefilter,1.0
de.ugoe.cs.tcs.se.graph.SEFile@6ba34f46,org.apache.commons.io.filefilter,1.0
de.ugoe.cs.tcs.se.graph.SEFile@f5c91da,org.apache.commons.io.filefilter,1.0
de.ugoe.cs.tcs.se.graph.SEFile@4beb8f37,org.apache.commons.io.filefilter,1.0
de.ugoe.cs.tcs.se.graph.SEFile@44a184c4,org.apache.commons.io.filefilter,1.0
de.ugoe.cs.tcs.se.graph.SEFile@70360a7e,org.apache.commons.io.filefilter,0.9
de.ugoe.cs.tcs.se.graph.SEFile@90a78b5,org.apache.commons.io,1.0
de.ugoe.cs.tcs.se.graph.SEFile@57d1e996,org.apache.commons.io,1.0
de.ugoe.cs.tcs.se.graph.SEFile@26275e97,org.apache.commons.io.filefilter,1.0
de.ugoe.cs.tcs.se.graph.SEFile@1d01493d,org.apache.commons.io.filefilter,1.0
de.ugoe.cs.tcs.se.graph.SEFile@78d7f96c,org.apache.commons.io.filefilter,1.0
de.ugoe.cs.tcs.se.graph.SEFile@41dd0db1,org.apache.commons.io,1.0
de.ugoe.cs.tcs.se.graph.SEFile@91dff11,org.apache.commons.io,1.0
de.ugoe.cs.tcs.se.graph.SEFile@7d431913,org.apache.commons.io,1.0
de.ugoe.cs.tcs.se.graph.SEFile@57fc7019,org.apache.commons.io.output,1.0
de.ugoe.cs.tcs.se.graph.SEFile@754abce3,org.apache.commons.io.filefilter,1.0
de.ugoe.cs.tcs.se.graph.SEFile@14a02e62,org.apache.commons.io.compress,1.0
de.ugoe.cs.tcs.se.graph.SEFile@83151e0,org.apache.commons.io.compress,1.0
de.ugoe.cs.tcs.se.graph.SEFile@2fb7da55,org.apache.commons.io.compress,1.0
de.ugoe.cs.tcs.se.graph.SEFile@2cf12d9,org.apache.commons.io,1.0
de.ugoe.cs.tcs.se.graph.SEFile@1b31d5a7,org.apache.commons.io,1.0
de.ugoe.cs.tcs.se.graph.SEFile@310e1380,org.apache.commons.io,1.0
de.ugoe.cs.tcs.se.graph.SEFile@239c9e63,org.apache.commons.io,1.0
de.ugoe.cs.tcs.se.graph.SEFile@61ac8564,org.apache.commons.io.output,1.0
de.ugoe.cs.tcs.se.graph.SEFile@35b1d6ff,org.apache.commons.io.output,0.98
de.ugoe.cs.tcs.se.graph.SEFile@c81321e,org.apache.commons.io.comparator,1.0
de.ugoe.cs.tcs.se.graph.SEFile@78f341ae,org.apache.commons.io.comparator,1.0
de.ugoe.cs.tcs.se.graph.SEFile@46c28d0c,org.apache.commons.io.comparator,1.0
de.ugoe.cs.tcs.se.graph.SEFile@669eeddb,org.apache.commons.io.output,0.9
de.ugoe.cs.tcs.se.graph.SEFile@7bc9dab0,org.apache.commons.io.output,1.0
de.ugoe.cs.tcs.se.graph.SEFile@5fc163c3,org.apache.commons.io.output,1.0
de.ugoe.cs.tcs.se.graph.SEFile@4742873f,org.apache.commons.io.output,1.0
de.ugoe.cs.tcs.se.graph.SEFile@9c6207d,org.apache.commons.io.output,1.0
de.ugoe.cs.tcs.se.graph.SEFile@50d10e14,org.apache.commons.io.output,1.0
de.ugoe.cs.tcs.se.graph.SEFile@315732fd,org.apache.commons.io.comparator,1.0
de.ugoe.cs.tcs.se.graph.SEFile@27c63be2,org.apache.commons.io.compress,1.0
de.ugoe.cs.tcs.se.graph.SEFile@60519ae9,org.apache.commons.io,1.0
de.ugoe.cs.tcs.se.graph.SEFile@62bec8a3,org.apache.commons.io,1.0
de.ugoe.cs.tcs.se.graph.SEFile@35d3a00c,org.apache.commons.io.compress,1.0
de.ugoe.cs.tcs.se.graph.SEFile@4c9e740e,org.apache.commons.io,1.0
de.ugoe.cs.tcs.se.graph.SEFile@58e82466,org.apache.commons.io.input,1.0
de.ugoe.cs.tcs.se.graph.SEFile@1878205b,org.apache.commons.io.output,1.0
de.ugoe.cs.tcs.se.graph.SEFile@2569aa53,org.apache.commons.io.output,1.0
de.ugoe.cs.tcs.se.graph.SEFile@790e46b,org.apache.commons.io.output,1.0
de.ugoe.cs.tcs.se.graph.SEFile@175fb0f,org.apache.commons.io,1.0
de.ugoe.cs.tcs.se.graph.SEFile@6770aa05,org.apache.commons.io,1.0
de.ugoe.cs.tcs.se.graph.SEFile@19129717,org.apache.commons.io.input,1.0
de.ugoe.cs.tcs.se.graph.SEFile@2d4eea93,org.apache.commons.io.input,1.0
de.ugoe.cs.tcs.se.graph.SEFile@3d6ac7b3,org.apache.commons.io.input,1.0
de.ugoe.cs.tcs.se.graph.SEFile@533e62d8,org.apache.commons.io,1.0
de.ugoe.cs.tcs.se.graph.SEFile@665b6a7f,org.apache.commons.io,1.0
de.ugoe.cs.tcs.se.graph.SEFile@25f3d92a,org.apache.commons.io.output,1.0
de.ugoe.cs.tcs.se.graph.SEFile@634c6395,org.apache.commons.io.input,1.0
de.ugoe.cs.tcs.se.graph.SEFile@65da0572,org.apache.commons.io.output,1.0
de.ugoe.cs.tcs.se.graph.SEFile@c46c575,org.apache.commons.io.output,1.0
de.ugoe.cs.tcs.se.graph.SEFile@3dc87eef,org.apache.commons.io,1.0
de.ugoe.cs.tcs.se.graph.SEFile@2515837f,org.apache.commons.io,1.0
de.ugoe.cs.tcs.se.graph.SEFile@835464c,org.apache.commons.io,1.0
de.ugoe.cs.tcs.se.graph.SEFile@2bf71902,org.apache.commons.io.filefilter,1.0
de.ugoe.cs.tcs.se.graph.SEFile@1018213a,org.apache.commons.io.output,1.0
de.ugoe.cs.tcs.se.graph.SEFile@292eeb66,org.apache.commons.io,1.0
de.ugoe.cs.tcs.se.graph.SEFile@13b848be,org.apache.commons.io.output,1.0
de.ugoe.cs.tcs.se.graph.SEFile@45348968,org.apache.commons.io.output,1.0
de.ugoe.cs.tcs.se.graph.SEFile@561df5a1,org.apache.commons.io,1.0
de.ugoe.cs.tcs.se.graph.SEFile@6bfc66fb,org.apache.commons.io.input,1.0
de.ugoe.cs.tcs.se.graph.SEFile@188f4bcd,org.apache.commons.io.input,1.0
de.ugoe.cs.tcs.se.graph.SEFile@2b26bbd1,org.apache.commons.io,0.9
de.ugoe.cs.tcs.se.graph.SEFile@2af219b8,org.apache.commons.io,1.0
de.ugoe.cs.tcs.se.graph.SEFile@39c68261,org.apache.commons.io,1.0
de.ugoe.cs.tcs.se.graph.SEFile@4049f918,org.apache.commons.io,1.0
de.ugoe.cs.tcs.se.graph.SEFile@148b8640,org.apache.commons.io,1.0
de.ugoe.cs.tcs.se.graph.SEFile@6e35934a,org.apache.commons.io.output,1.0
de.ugoe.cs.tcs.se.graph.SEFile@54a22e49,org.apache.commons.io.input,1.0
de.ugoe.cs.tcs.se.graph.SEFile@6c77907f,org.apache.commons.io.filefilter,1.0
de.ugoe.cs.tcs.se.graph.SEFile@492d2d0e,org.apache.commons.io,1.0
de.ugoe.cs.tcs.se.graph.SEFile@4e350346,org.apache.commons.io,1.0
de.ugoe.cs.tcs.se.graph.SEFile@65706f27,org.apache.commons.io.filefilter,1.0
de.ugoe.cs.tcs.se.graph.SEFile@64c8237,org.apache.commons.io.input,1.0
de.ugoe.cs.tcs.se.graph.SEFile@304ce4cd,org.apache.commons.io.filefilter,1.0
de.ugoe.cs.tcs.se.graph.SEFile@35153d5a,org.apache.commons.io.input,0.9
de.ugoe.cs.tcs.se.graph.SEFile@250ba770,org.apache.commons.io.filefilter,1.0
de.ugoe.cs.tcs.se.graph.SEFile@c13d6c3,org.apache.commons.io.compress,1.0
de.ugoe.cs.tcs.se.graph.SEFile@96ff875,org.apache.commons.io,1.0
de.ugoe.cs.tcs.se.graph.SEFile@172a1a1e,org.apache.commons.io.input,1.0
de.ugoe.cs.tcs.se.graph.SEFile@30112010,org.apache.commons.io,1.0
de.ugoe.cs.tcs.se.graph.SEFile@597b9941,org.apache.commons.io,1.0
de.ugoe.cs.tcs.se.graph.SEFile@39ea5ce5,org.apache.commons.io.compress,1.0
de.ugoe.cs.tcs.se.graph.SEFile@695617ad,org.apache.commons.io.compress,1.0
de.ugoe.cs.tcs.se.graph.SEFile@5385b299,org.apache.commons.io.compress,1.0
de.ugoe.cs.tcs.se.graph.SEFile@3ed2afe9,org.apache.commons.io.input,1.0
de.ugoe.cs.tcs.se.graph.SEFile@16fc21d9,org.apache.commons.io.compress,1.0
de.ugoe.cs.tcs.se.graph.SEFile@5fba4d9b,org.apache.commons.io.input,1.0
de.ugoe.cs.tcs.se.graph.SEFile@417c4a95,org.apache.commons.io,1.0
de.ugoe.cs.tcs.se.graph.SEFile@3a0c551d,org.apache.commons.io.filefilter,1.0
de.ugoe.cs.tcs.se.graph.SEFile@4ff5ef7f,org.apache.commons.io.filefilter,1.0
de.ugoe.cs.tcs.se.graph.SEFile@55c086ac,org.apache.commons.io.output,1.0
de.ugoe.cs.tcs.se.graph.SEFile@464c5c97,org.apache.commons.io.filefilter,1.0
de.ugoe.cs.tcs.se.graph.SEFile@5a544897,org.apache.commons.io.input,0.98
de.ugoe.cs.tcs.se.graph.SEFile@2dd8c72b,org.apache.commons.io.input,1.0
de.ugoe.cs.tcs.se.graph.SEFile@46120f3d,org.apache.commons.io.input,1.0
de.ugoe.cs.tcs.se.graph.SEFile@65b82a24,org.apache.commons.io,1.0
de.ugoe.cs.tcs.se.graph.SEFile@4464d258,org.apache.commons.io,1.0
de.ugoe.cs.tcs.se.graph.SEFile@34e60bd0,org.apache.commons.io.input,1.0
de.ugoe.cs.tcs.se.graph.SEFile@34f6bd5b,org.apache.commons.io.input,1.0
de.ugoe.cs.tcs.se.graph.SEFile@51d65dc3,org.apache.commons.io.comparator,1.0
de.ugoe.cs.tcs.se.graph.SEFile@2845fbaa,org.apache.commons.io.filefilter,1.0
de.ugoe.cs.tcs.se.graph.SEFile@7fdf1b15,org.apache.commons.io,1.0
de.ugoe.cs.tcs.se.graph.SEFile@7d81374b,org.apache.commons.io,1.0
de.ugoe.cs.tcs.se.graph.SEFile@5917b96d,org.apache.commons.io.filefilter,1.0
de.ugoe.cs.tcs.se.graph.SEFile@c72913b,org.apache.commons.io.filefilter,1.0
de.ugoe.cs.tcs.se.graph.SEFile@11bd33d7,org.apache.commons.io,1.0
de.ugoe.cs.tcs.se.graph.SEFile@6f45bd51,org.apache.commons.io.comparator,0.9
de.ugoe.cs.tcs.se.graph.SEFile@2e5a4744,org.apache.commons.io.output,1.0
de.ugoe.cs.tcs.se.graph.SEFile@46bd20d9,org.apache.commons.io.input,1.0
de.ugoe.cs.tcs.se.graph.SEFile@633c9b26,org.apache.commons.io.comparator,1.0
de.ugoe.cs.tcs.se.graph.SEFile@64fa15b2,org.apache.commons.io,1.0
de.ugoe.cs.tcs.se.graph.SEFile@44114ed2,org.apache.commons.io,1.0
de.ugoe.cs.tcs.se.graph.SEFile@3d9e491b,org.apache.commons.io,1.0
de.ugoe.cs.tcs.se.graph.SEFile@2d45f718,org.apache.commons.io.input,1.0
de.ugoe.cs.tcs.se.graph.SEFile@10c963a8,org.apache.commons.io,1.0
de.ugoe.cs.tcs.se.graph.SEFile@62be69f1,org.apache.commons.io,1.0
de.ugoe.cs.tcs.se.graph.SEFile@1e20eba9,org.apache.commons.io.filefilter,1.0
de.ugoe.cs.tcs.se.graph.SEFile@133013e7,org.apache.commons.io.compress,1.0
de.ugoe.cs.tcs.se.graph.SEFile@54ca5c6d,org.apache.commons.io.input,1.0
de.ugoe.cs.tcs.se.graph.SEFile@1183d9c3,org.apache.commons.io,1.0
de.ugoe.cs.tcs.se.graph.SEFile@45716f31,org.apache.commons.io.compress,1.0
de.ugoe.cs.tcs.se.graph.SEFile@ef01afd,org.apache.commons.io.comparator,1.0
de.ugoe.cs.tcs.se.graph.SEFile@1a812e7,org.apache.commons.io.compress,1.0
de.ugoe.cs.tcs.se.graph.SEFile@68d457b5,org.apache.commons.io.output,1.0
de.ugoe.cs.tcs.se.graph.SEFile@2c670a99,org.apache.commons.io.output,1.0
de.ugoe.cs.tcs.se.graph.SEFile@28073066,org.apache.commons.io.filefilter,1.0
de.ugoe.cs.tcs.se.graph.SEFile@36e055c1,org.apache.commons.io.filefilter,1.0
de.ugoe.cs.tcs.se.graph.SEFile@1e6dbbb5,org.apache.commons.io.filefilter,1.0
de.ugoe.cs.tcs.se.graph.SEFile@7088cb2e,org.apache.commons.io.input,0.825
de.ugoe.cs.tcs.se.graph.SEFile@38e1f31c,org.apache.commons.io.input,0.9
de.ugoe.cs.tcs.se.graph.SEFile@6f46df68,org.apache.commons.io.input,1.0
de.ugoe.cs.tcs.se.graph.SEFile@306ffadf,org.apache.commons.io.filefilter,1.0
de.ugoe.cs.tcs.se.graph.SEFile@122c137e,org.apache.commons.io,1.0
de.ugoe.cs.tcs.se.graph.SEFile@76b6b242,org.apache.commons.io.compress,1.0
de.ugoe.cs.tcs.se.graph.SEFile@64fea865,org.apache.commons.io.compress,1.0
de.ugoe.cs.tcs.se.graph.SEFile@598e52d3,org.apache.commons.io.filefilter,1.0
de.ugoe.cs.tcs.se.graph.SEFile@3d211b46,org.apache.commons.io.filefilter,1.0
de.ugoe.cs.tcs.se.graph.SEFile@12471adb,org.apache.commons.io,1.0
de.ugoe.cs.tcs.se.graph.SEFile@25ae60d2,org.apache.commons.io,1.0
de.ugoe.cs.tcs.se.graph.SEFile@510adbcb,org.apache.commons.io.input,1.0
de.ugoe.cs.tcs.se.graph.SEFile@77f3e9aa,org.apache.commons.io.input,1.0
de.ugoe.cs.tcs.se.graph.SEFile@1565815e,org.apache.commons.io.input,1.0
de.ugoe.cs.tcs.se.graph.SEFile@4caff5d5,org.apache.commons.io.input,1.0
de.ugoe.cs.tcs.se.graph.SEFile@3bee82e0,org.apache.commons.io.output,1.0
de.ugoe.cs.tcs.se.graph.SEFile@7affd6,org.apache.commons.io.input,1.0
de.ugoe.cs.tcs.se.graph.SEFile@15a5d95,org.apache.commons.io.input,1.0
